{"cameraMode":{"drawMode":0,"name":"Shaded","section":"Shading Mode"},"sceneLighting":false,"audioPlay":false,"sceneViewState":{"showFog":true,"showMaterialUpdate":false,"showSkybox":true,"showFlares":true,"showImageEffects":true,"showParticleSystems":true},"in2DMode":false,"pivot":{"x":-0.9350184202194214,"y":-0.0023298263549804689,"z":2.593883991241455},"rotation":{"x":0.15731708705425263,"y":-0.2014048546552658,"z":0.03279147669672966,"w":0.9662365913391113},"size":3.8778254985809328,"orthographic":false}