{"cameraMode":{"drawMode":0,"name":"Shaded","section":"Shading Mode"},"sceneLighting":true,"audioPlay":false,"sceneViewState":{"showFog":true,"showMaterialUpdate":false,"showSkybox":true,"showFlares":true,"showImageEffects":true,"showParticleSystems":true},"in2DMode":false,"pivot":{"x":2.0511817932128908,"y":24.039030075073243,"z":-196.79808044433595},"rotation":{"x":0.09492716938257218,"y":0.19205880165100099,"z":-0.018734635785222055,"w":0.9767299890518189},"size":10.92581844329834,"orthographic":false}