{"cameraMode":{"drawMode":0,"name":"Shaded","section":"Shading Mode"},"sceneLighting":false,"audioPlay":false,"sceneViewState":{"showFog":true,"showMaterialUpdate":false,"showSkybox":false,"showFlares":true,"showImageEffects":true,"showParticleSystems":true},"in2DMode":false,"pivot":{"x":-0.0008494853973388672,"y":0.5062369704246521,"z":1.003619909286499},"rotation":{"x":0.09566304087638855,"y":-0.14874283969402314,"z":0.014448062516748906,"w":0.9841487407684326},"size":2.677825450897217,"orthographic":false}