{"cameraMode":{"drawMode":0,"name":"Shaded","section":"Shading Mode"},"sceneLighting":false,"audioPlay":false,"sceneViewState":{"showFog":true,"showMaterialUpdate":false,"showSkybox":true,"showFlares":true,"showImageEffects":true,"showParticleSystems":true},"in2DMode":false,"pivot":{"x":-1.5231738090515137,"y":2.6798739433288576,"z":-0.10148143768310547},"rotation":{"x":0.09060760587453842,"y":-0.46857914328575137,"z":0.048385463654994968,"w":0.8774365782737732},"size":2.0778257846832277,"orthographic":false}