{"cameraMode":{"drawMode":0,"name":"Shaded","section":"Shading Mode"},"sceneLighting":false,"audioPlay":false,"sceneViewState":{"showFog":true,"showMaterialUpdate":false,"showSkybox":false,"showFlares":true,"showImageEffects":true,"showParticleSystems":true},"in2DMode":false,"pivot":{"x":-0.5999042987823486,"y":0.39952850341796877,"z":0.9297837018966675},"rotation":{"x":0.4076208174228668,"y":-0.25581222772598269,"z":0.12008722871541977,"w":0.868322491645813},"size":0.8660253882408142,"orthographic":false}