{"cameraMode":{"drawMode":0,"name":"Shaded","section":"Shading Mode"},"sceneLighting":false,"audioPlay":false,"sceneViewState":{"showFog":true,"showMaterialUpdate":false,"showSkybox":true,"showFlares":true,"showImageEffects":true,"showParticleSystems":true},"in2DMode":false,"pivot":{"x":15.220752716064454,"y":-25.083959579467775,"z":22.610836029052736},"rotation":{"x":0.4194805920124054,"y":-0.009531238116323948,"z":0.004404706880450249,"w":0.9077040553092957},"size":40.014190673828128,"orthographic":false}