{"cameraMode":{"drawMode":0,"name":"Shaded","section":"Shading Mode"},"sceneLighting":false,"audioPlay":false,"sceneViewState":{"showFog":true,"showMaterialUpdate":false,"showSkybox":true,"showFlares":true,"showImageEffects":true,"showParticleSystems":true},"in2DMode":false,"pivot":{"x":-0.6450919508934021,"y":1.8852437734603882,"z":-0.7147596478462219},"rotation":{"x":0.1962147057056427,"y":-0.4140576720237732,"z":0.09189429879188538,"w":0.8840946555137634},"size":2.0778257846832277,"orthographic":false}